<application>
  <component name="LocalDatabaseDriverManager" version="201">
    <driver id="cassandra">
      <option name="auto-sync" value="true" />
    </driver>
    <driver id="clickhouse">
      <option name="auto-sync" value="true" />
    </driver>
    <driver id="couchbase_query">
      <option name="auto-sync" value="true" />
    </driver>
    <driver id="db2.11">
      <option name="auto-sync" value="false" />
    </driver>
    <driver id="db2">
      <option name="auto-sync" value="false" />
    </driver>
    <driver id="db2.jtopen">
      <option name="auto-sync" value="false" />
    </driver>
    <driver id="derby.embedded">
      <option name="auto-sync" value="true" />
    </driver>
    <driver id="derby.remote">
      <option name="auto-sync" value="true" />
    </driver>
    <driver id="exasol">
      <option name="auto-sync" value="true" />
    </driver>
    <driver id="greenplum">
      <option name="auto-sync" value="true" />
      <option name="schema-control" value="MANUAL" />
      <option name="send-app-info" value="false" />
    </driver>
    <driver id="h2.unified">
      <option name="auto-sync" value="true" />
    </driver>
    <driver id="hive">
      <option name="auto-sync" value="true" />
    </driver>
    <driver id="hsqldb.local">
      <option name="auto-sync" value="true" />
    </driver>
    <driver id="hsqldb.remote">
      <option name="auto-sync" value="true" />
    </driver>
    <driver id="mariadb">
      <option name="auto-sync" value="true" />
    </driver>
    <driver id="mongo">
      <option name="auto-sync" value="true" />
    </driver>
    <driver id="sqlserver.ms">
      <option name="auto-sync" value="true" />
      <option name="send-app-info" value="false" />
    </driver>
    <driver id="sqlserver.jtds">
      <url-template name="BKK" template="jdbc:jtds:sqlserver://hk-cdsdb-2002" />
      <artifact id="jTDS (SQL Server and Sybase)" name="jTDS (SQL Server and Sybase)" use="true" version="1.3.1.1" />
      <option name="auto-sync" value="true" />
      <option name="auto-commit" value="true" />
      <option name="format-sources-on-sync" value="true" />
      <option name="send-app-info" value="true" />
      <option name="source-loading" value="USER_SOURCES" />
      <option name="schema-control" value="AUTOMATIC" />
      <property name="Domain" value="AGODA" />
      <property name="domain" value="AGODA" />
      <property name="trustServerCertificate" value="true" />
    </driver>
    <driver id="azure.ms">
      <option name="auto-sync" value="true" />
      <option name="send-app-info" value="false" />
    </driver>
    <driver id="mysql.8">
      <artifact id="MySQL Connector/J 8" name="MySQL Connector/J 8" use="true" />
      <option name="auto-sync" value="true" />
    </driver>
    <driver id="mysql">
      <option name="auto-sync" value="true" />
    </driver>
    <driver id="mysql_aurora">
      <option name="auto-sync" value="true" />
    </driver>
    <driver id="oracle">
      <option name="auto-sync" value="true" />
      <option name="auto-commit" value="false" />
    </driver>
    <driver id="postgresql">
      <option name="auto-sync" value="true" />
      <option name="schema-control" value="MANUAL" />
    </driver>
    <driver id="redshift">
      <option name="auto-sync" value="true" />
      <option name="schema-control" value="MANUAL" />
    </driver>
    <driver id="snowflake">
      <option name="auto-sync" value="true" />
    </driver>
    <driver id="sqlite.xerial">
      <option name="auto-sync" value="true" />
    </driver>
    <driver id="sybase.jtds">
      <option name="auto-sync" value="true" />
    </driver>
    <driver id="sybase.ase">
      <option name="auto-sync" value="true" />
    </driver>
    <driver id="vertica">
      <option name="auto-sync" value="true" />
    </driver>
    <driver id="java.sql.Driver" name="Hive" driver-class="org.apache.hive.jdbc.HiveDriver">
      <artifact id="Hive" name="Hive" use="true" version="3.1.2" />
      <option name="auto-commit" value="true" />
      <option name="auto-sync" value="true" />
      <option name="format-sources-on-sync" value="true" />
      <option name="send-app-info" value="true" />
      <option name="source-loading" value="USER_SOURCES" />
      <option name="schema-control" value="AUTOMATIC" />
    </driver>
    <driver id="92324c9c-ea14-4ded-bdd7-7891cae6331a" name="Impala" driver-class="com.cloudera.impala.jdbc41.Driver">
      <option name="auto-commit" value="true" />
      <option name="auto-sync" value="true" />
      <option name="format-sources-on-sync" value="true" />
      <option name="send-app-info" value="true" />
      <option name="source-loading" value="USER_SOURCES" />
      <option name="schema-control" value="AUTOMATIC" />
      <library>
        <url>file://$APPLICATION_CONFIG_DIR$/jdbc-drivers/Impala/ClouderaImpala_JDBC-2.6.17.1020/ClouderaImpalaJDBC41-2.6.17.1020/ImpalaJDBC41.jar</url>
      </library>
    </driver>
  </component>
</application>