<application>
  <component name="FileTypeManager" version="18">
    <extensionMap>
      <mapping pattern="Dockerfile-build" type="Dockerfile" />
      <mapping ext="gradle.kts" type="Kotlin" />
      <mapping ext="main.kts" type="Kotlin" />
      <mapping pattern="input_dsp" type="PLAIN_TEXT" />
      <mapping pattern=".history" type="PLAIN_TEXT" />
      <mapping pattern="kafka-settings.conf" type="PLAIN_TEXT" />
      <mapping pattern="output_dsp" type="PLAIN_TEXT" />
      <mapping pattern="common-kafka-hosts.conf" type="PLAIN_TEXT" />
      <mapping pattern=".gitkeep" type="PLAIN_TEXT" />
      <mapping pattern="out" type="PLAIN_TEXT" />
      <mapping ext="error" type="PLAIN_TEXT" />
      <mapping ext="pb" type="PLAIN_TEXT" />
      <mapping ext="cnf" type="PLAIN_TEXT" />
      <removed_mapping ext="apk" approved="true" type="ARCHIVE" />
      <removed_mapping ext="psd" approved="true" type="Image" />
    </extensionMap>
  </component>
</application>