<application>
  <component name="FindSettings">
    <option name="customScope" value="All Places" />
    <option name="defaultScopeName" value="All Places" />
    <option name="SEARCH_SCOPE" value="All Places" />
    <mask>*.css</mask>
    <mask>*.html</mask>
    <mask>*.jsp</mask>
    <mask>*.properties</mask>
    <mask>*.java</mask>
    <mask>!*/target/*</mask>
    <mask>!export</mask>
    <mask>logback-test.xml</mask>
    <mask>*.conf</mask>
    <mask>*.xml</mask>
    <mask>*.sbt</mask>
    <mask>*.pp</mask>
    <mask>propertiesapi_mock.json</mask>
    <mask>!*.log</mask>
    <mask>*.scala,*.conf</mask>
    <mask>*.scala,*.conf,*.feature</mask>
    <mask>*.scala,*.conf,*.feature,*.sql</mask>
    <mask>*.scala,*.conf,*.feature,*.sql,*.csv</mask>
    <mask>*.scala,*.conf,*.feature,*.sql,*.csv,*.sh</mask>
    <mask>*.scala,*.conf,*.feature,*.sql,*.csv,*.sh,*.yaml,*.yml</mask>
    <mask>*.scala,*.conf,*.feature,*.sql,*.csv,*.sh,*.yaml,*.yml,*.sbt</mask>
    <mask>*.json</mask>
    <mask>*.scala</mask>
    <mask>*.scala,*.conf,*.feature,*.sql,*.csv,*.sh,*.yaml,*.yml,*.sbt,*.pp</mask>
  </component>
</application>