<application>
  <component name="GeneralSettings">
    <option name="confirmExit" value="false" />
  </component>
  <component name="Registry">
    <entry key="BSP.experimental.feature.enabled" value="false" />
    <entry key="ide.mac.allowDarkWindowDecorations" value="true" />
    <entry key="ide.balloon.shadow.size" value="0" />
    <entry key="debugger.watches.in.variables" value="false" />
    <entry key="ide.windowSystem.autoShowProcessPopup" value="true" />
    <entry key="scala.erase.compiler.process.jdk.once" value="false" />
  </component>
  <component name="StatusBar">
    <option name="widgets">
      <map>
        <entry key="Memory" value="true" />
      </map>
    </option>
  </component>
</application>