<application>
  <component name="com.intellij.ide.ui.customization.CustomActionsSchema">
    <group value="LocalHistory.PutLabel" is_action="true" action_type="-1" position="8">
      <path value="root" />
      <path value="VCS Operations Popup" />
      <option name="myInitialPosition" value="-1" />
    </group>
    <group value="ToolbarRunGroup" is_group="true" action_type="-1" position="7">
      <path value="root" />
      <path value="Main Toolbar" />
      <option name="myInitialPosition" value="-1" />
    </group>
    <group value="LocalHistory.ShowHistory" is_action="true" action_type="-1" position="7">
      <path value="root" />
      <path value="VCS Operations Popup" />
      <option name="myInitialPosition" value="-1" />
    </group>
    <group value="ChangesView.ShelveSilently" is_action="true" action_type="-1" position="6">
      <path value="root" />
      <path value="Local Changes Toolbar" />
      <option name="myInitialPosition" value="-1" />
    </group>
    <group seperator="true" action_type="-1" position="6">
      <path value="root" />
      <path value="VCS Operations Popup" />
      <option name="myInitialPosition" value="-1" />
    </group>
    <group value="&lt;anonymous-group-1&gt;" is_group="true" action_type="-1" position="5">
      <path value="root" />
      <path value="Local Changes Toolbar" />
      <option name="myInitialPosition" value="-1" />
    </group>
    <group value="Vcs.Log.LayoutConfiguration" is_group="true" action_type="-1" position="5">
      <path value="root" />
      <path value="VCS Log Changes Browser Toolbar" />
      <option name="myInitialPosition" value="-1" />
    </group>
    <group value="&lt;anonymous-group-5&gt;" is_group="true" action_type="-1" position="5">
      <path value="root" />
      <path value="VCS Operations Popup" />
      <option name="myInitialPosition" value="-1" />
    </group>
    <group value="ChangesView.Diff" is_action="true" action_type="-1" position="4">
      <path value="root" />
      <path value="Local Changes Toolbar" />
      <option name="myInitialPosition" value="-1" />
    </group>
    <group seperator="true" action_type="-1" position="4">
      <path value="root" />
      <path value="VCS Log Changes Browser Toolbar" />
      <option name="myInitialPosition" value="-1" />
    </group>
    <group seperator="true" action_type="-1" position="4">
      <path value="root" />
      <path value="VCS Operations Popup" />
      <option name="myInitialPosition" value="-1" />
    </group>
    <group value="ChangesView.GroupBy" is_group="true" action_type="-1" position="3">
      <path value="root" />
      <path value="VCS Log Changes Browser Toolbar" />
      <option name="myInitialPosition" value="-1" />
    </group>
    <group value="Vcs.Operations.Popup.NonVcsAware" is_group="true" action_type="-1" position="3">
      <path value="root" />
      <path value="VCS Operations Popup" />
      <option name="myInitialPosition" value="-1" />
    </group>
    <group seperator="true" action_type="-1" position="2">
      <path value="root" />
      <path value="VCS Log Changes Browser Toolbar" />
      <option name="myInitialPosition" value="-1" />
    </group>
    <group value="Vcs.Operations.Popup.Vcs.Providers" is_group="true" action_type="-1" position="2">
      <path value="root" />
      <path value="VCS Operations Popup" />
      <option name="myInitialPosition" value="-1" />
    </group>
    <group value="Perforce.Force.Refresh" is_action="true" action_type="-1" position="1">
      <path value="root" />
      <path value="Local Changes Toolbar" />
      <option name="myInitialPosition" value="-1" />
    </group>
    <group value="Vcs.Log.ShowOnlyAffectedChanges" is_action="true" action_type="-1" position="1">
      <path value="root" />
      <path value="VCS Log Changes Browser Toolbar" />
      <option name="myInitialPosition" value="-1" />
    </group>
    <group seperator="true" action_type="-1" position="1">
      <path value="root" />
      <path value="VCS Operations Popup" />
      <option name="myInitialPosition" value="-1" />
    </group>
    <group seperator="true" action_type="-1" position="0">
      <path value="root" />
      <path value="Main Toolbar" />
      <path value="Toolbar Run Actions" />
      <option name="myInitialPosition" value="-1" />
    </group>
    <group value="ChangesView.Refresh" is_action="true" action_type="-1" position="0">
      <path value="root" />
      <path value="Local Changes Toolbar" />
      <option name="myInitialPosition" value="-1" />
    </group>
    <group value="Vcs.RepositoryChangesBrowserToolbar" is_group="true" action_type="-1" position="0">
      <path value="root" />
      <path value="VCS Log Changes Browser Toolbar" />
      <option name="myInitialPosition" value="-1" />
    </group>
    <group value="Vcs.Operations.Popup.VcsAware" is_group="true" action_type="-1" position="0">
      <path value="root" />
      <path value="VCS Operations Popup" />
      <option name="myInitialPosition" value="-1" />
    </group>
    <group value="ChangesView.Diff" is_action="true" action_type="1" position="0">
      <path value="root" />
      <path value="Local Changes Toolbar" />
      <option name="myInitialPosition" value="-1" />
    </group>
    <group value="ChangesView.Refresh" is_action="true" action_type="1" position="3">
      <path value="root" />
      <path value="Local Changes Toolbar" />
      <option name="myInitialPosition" value="-1" />
    </group>
    <group value="Perforce.Force.Refresh" is_action="true" action_type="1" position="4">
      <path value="root" />
      <path value="Local Changes Toolbar" />
      <option name="myInitialPosition" value="-1" />
    </group>
    <group value="ToolbarRunGroup" is_group="true" action_type="1" position="8">
      <path value="root" />
      <path value="Main Toolbar" />
      <option name="myInitialPosition" value="-1" />
    </group>
  </component>
</application>